"record_id","path","record_status","status_basis","scope_or_qualification"
"FND-DOC-ARCH-001","00_SYSTEM/DOCUMENTATION-ARCHITECTURE-v1.1.md","ACTIVE","Founder decision FD-DOC-005 recorded in FND-DEC-DOC-001 v1.1","Repository organization, orthogonal artifact-type classification, and identity boundary; physical paths unchanged"
"FND-DOC-ARCH-001","00_SYSTEM/DOCUMENTATION-ARCHITECTURE-v1.0.md","SUPERSEDED — VERSION 1.0","Replaced by FND-DOC-ARCH-001 v1.1","Historical baseline; preserved unchanged"
"FND-DOC-ARCH-001","00_SYSTEM/DOCUMENTATION-ARCHITECTURE-v0.1.md","SUPERSEDED — VERSION 0.1","Replaced by FND-DOC-ARCH-001 v1.0","Historical draft; no current control beyond traceability"
"FND-DEC-DOC-001","00_SYSTEM/FOUNDER-DECISIONS.md","PARTIALLY RESOLVED — FD-DOC-001 CLOSED; FD-DOC-005 DECIDED IN PRINCIPLE","Founder directions through 2026-09-28","FD-DOC-002–004 and FD-DOC-005 implementation details remain open; proposed path map is not execution authority"
"FND-REPO-STATUS","00_SYSTEM/INSTITUTIONAL-STATUS.md","CURRENT SNAPSHOT WITH DATED AMENDMENT","Architecture v1.1","2026-09-26 base plus limited 2026-09-28 FD-DOC-005 amendment; other claims not revalidated"
"FND-DOC-REGISTER-001","00_SYSTEM/DOCUMENT-REGISTER.csv","ACTIVE INDEX","Architecture v1.1","Maintains high-consequence normative/governance/release/certification record states; not a full source-file inventory"
"CONST-001","01_FOUNDATION/CONST/CONST-001.md","FROZEN IN GENESIS-G0.1","Genesis G-0.1 release notes","Foundation authority; controlled revision required"
"IP-001","01_FOUNDATION/IP/IP-001.md","FROZEN IN GENESIS-G0.1","Genesis G-0.1 release notes","Institutional behavioral invariants"
"FM-001","01_FOUNDATION/FM/FM-001.md","FROZEN IN GENESIS-G0.1","Genesis G-0.1 release notes","Universal object structure"
"GENESIS-G0.1","07_RELEASES/GENESIS-G0.1/RELEASE-NOTES.md","FOUNDATION FROZEN","Release notes and manifest","Manifest has no source commit/full file inventory; do not infer later main files are included"
"FS-OBS-001-G0.3","canonical_obs/RATIFICATION-DECISION-REQUIRED.md","RATIFICATION PENDING","Open state-machine ratification request","Distinct from FS-OBS-002 semantic-safety ratification"
"OBS-STATE-MACHINE-MANIFEST","canonical_obs/MANIFEST.json","CANDIDATE — TESTS PASSING; RATIFICATION REQUIRED","Manifest status and canonical_obs/RATIFICATION-DECISION-REQUIRED.md","Lifecycle/state-machine scope; not changed by DEC-OBS-002 semantic-safety ratification"
"FS-OBS-002-v1","specifications/FS-OBS-002-SEMANTIC-SAFETY-LAYER-V1.md","RATIFIED — QUALIFIED","specifications/DEC-OBS-002-FS-OBS-002-RATIFICATION.json","Semantic-safety boundary only; REAL-SEM-01 remains mandatory before production-grade semantic certification"
"FS-OBS-002-CANDIDATE","specifications/FS-OBS-002-RATIFICATION-CANDIDATE.md","HISTORICAL / SUPERSEDED BY DEC-OBS-002","DEC-OBS-002","Pre-decision candidate record; original pending state preserved in its history note"
"FS-OBS-002-CHANGE","specifications/FS-OBS-002-CHANGE-RECORD.json","RATIFIED WITH QUALIFICATION","DEC-OBS-002","Prior blocked status retained in status_history; production semantic gate remains open"
"REAL-SEM-01","specifications/REAL-SEM-01.md","MANDATORY FUTURE GATE — NOT EXECUTED","REAL-SEM-01 charter","No production semantic certification until passed or explicitly re-scoped by a later ratified decision"
"FS-DEC-001","specifications/FS-DEC-001-DECISION-BOUNDARY-V1.md","VALIDATED REFERENCE MODEL","Document status header","Exact numerical CFO/TEAM weights are not ratified"
"FS-DEC-002","specifications/FS-DEC-002-EXECUTION-LOOP-V1.md","VALIDATED REFERENCE MODEL","Document status header","Production execution safety is not established"
"FS-INQ-001","specifications/FS-INQ-001-OBS-INQ-INTERFACE-V1.md","PROPOSAL / ENGINEERING VALIDATION","Document status header","Not an authoritative Inquiry by itself"
"FS-INQ-002","specifications/FS-INQ-002-INQUIRY-CORE-V1.md","PROPOSAL / ENGINEERING VALIDATION","Document status header","Proposal status retained"
"FS-INQ-003","specifications/FS-INQ-003-EVIDENCE-AMENDMENT-CONFLICT-V1.md","PROPOSAL / ENGINEERING VALIDATION","Document status header","Proposal status retained"
"FS-INQ-004","specifications/FS-INQ-004-INVESTIGATION-WORK-PRODUCTS-V1.md","PROPOSAL / ENGINEERING VALIDATION","Document status header","Proposal status retained"
"FS-INQ-005","specifications/FS-INQ-005-SUPERSESSION-CONCURRENCY-V1.md","VALIDATED REFERENCE MODEL","Document status header","Production distributed transaction guarantees remain open"
"FS-INT-003","specifications/FS-INT-003-FAILURE-RECOVERY-V1.md","VALIDATED REFERENCE MODEL","Document status header","Production recovery and real infrastructure rollback remain open"
"FS-INT-004","specifications/FS-INT-004-CONCURRENCY-PERSISTENCE-V1.md","REFERENCE MODEL","Document scope and qualification","Production database guarantees remain open"
"PV-17","production_validation/pv17_concurrency_persistence/PV17-MANIFEST.json","PASS — 12/12 REFERENCE INVARIANTS","PV-17 manifest","Not production durability/isolation, consensus, crash-recovery, or execution certification"
"PRODUCTION-CERTIFICATION","OVERALL-PROGRESS-LEDGER.json","NOT CERTIFIED","Overall progress ledger","Open production gates remain explicit in the ledger"
